.	3000147662	3000147673	3000147678	3000147687	3000147709	3000147711	3000147726	3000147736	3000147738	3000147739	3000147753	3000147756	3000147769	3000147771	3000147775	3000147786	3000147789	3000806254_LG	3000806254_RA	3000911712	3000911713	3000911719	3000911720	3000911721	3000911724	3000911726	3000911730	3000911734	3000911735	3000911737	3000911773	3000911792	3000911798	3000911914	3000911919	3000911922	3000911931	3000911937	3000912725	3000912734	3000912744	3000912745	3000912748	3000912749	3000912750	3000912751	3000912752	3000912753	3000912755	3000912756	3000912758	3000912790	3000912803	3000912807	3000912813	3000912826	3000912840	3000912847	3000912864	3000912869	3000912874	3000912927	3000912928	3000912930	3000912934	3000912937	3000912941	3000913038	3001244492	3015394848	3015394854	3025879024	3025879026	3025879029	3025879030	3025879035	3025879038	3025879149	3025879150	B13475	B13476	B13477	B13478	B13479	B13480	B13481	B13482	B13483	B13484	B13485	B13486	B13487	B13488	B13489	B13490	B13491	B13492	B13493	B13494	B13495	B13496	B13497	B13498	B13499	B13500	B13501	B13502	B13503	B13504	B13505	B13506	B13507
3000147662	0	69040	1123	83271	83266	83286	83291	59794	59849	76426	76476	81959	52093	52077	1932	83253	52226	83080	82940	83197	76135	56479	82928	56471	81625	69082	51977	76145	81603	1185	76334	76124	76063	76085	59917	52217	59811	76255	76315	86115	76497	81642	81578	76351	76188	80541	83036	83153	857	1816	68994	81731	933	76384	1445	81512	69037	81650	76601	75628	83284	81484	1895	85807	56494	83196	81565	81856	52196	83188	1992	81663	76189	81576	69149	82902	52129	52250	59741	70778	70898	82982	83130	83058	81784	81864	81701	81906	81667	81831	81682	69069	81795	81875	81578	81733	81601	81829	81716	76098	81701	76577	1529	81634	76431	76540	81715	81678	81587	83074	76358	81886	
3000147673	69040	0	69181	83001	82949	82994	82989	71484	71328	76007	76014	81357	70606	70539	69824	82864	70633	83310	83169	83431	76958	69835	82643	69941	81011	1561	70572	76973	81027	69209	77170	76930	76862	76912	71371	70591	71322	77074	76378	85757	76042	81023	80962	75976	77028	79015	82770	82889	69186	69121	1793	81089	69245	77181	69229	80844	1748	81057	77410	76426	83049	80848	69086	85421	69879	82886	80918	81165	70611	82854	69907	81016	76942	80907	2152	82667	70528	70671	71300	72061	72057	82698	82796	82754	81156	81241	81053	81250	81075	81237	81042	1792	81165	81257	80980	81116	80954	81158	81101	76579	81063	77398	69335	81061	77288	77373	81062	81089	80940	82798	76447	81272	
3000147678	1123	69181	0	83348	83329	83300	83326	59961	59885	76288	76348	81861	52220	52136	1927	83304	52337	83062	82943	83234	76037	56432	82993	56527	81531	69208	51986	76032	81595	1228	76222	76010	75963	75972	59827	52104	59840	76155	76150	85981	76373	81562	81542	76234	76049	80478	83060	83199	1282	1775	69108	81664	1170	76239	1551	81386	69201	81530	76481	75470	83293	81440	1878	85679	56513	83222	81497	81792	52076	83231	1975	81574	76063	81516	69176	82922	52109	52197	59896	70734	70842	83004	83119	83119	81727	81766	81644	81817	81598	81840	81645	69248	81764	81770	81470	81646	81492	81692	81570	75993	81656	76461	1710	81586	76311	76408	81656	81599	81524	83118	76202	81830	
3000147687	83271	83001	83348	0	1119	1121	1385	82329	82356	75267	75300	68133	83156	83202	82832	1790	83214	63699	63934	63644	74626	82161	1355	82091	68062	83049	83050	74734	68191	83127	74736	74790	74722	74704	82062	82917	82043	74757	75584	84780	75328	68038	68196	75246	74614	68418	1479	1565	83291	83355	82957	68173	83370	74889	83357	68478	82991	68191	75017	76171	1278	68162	83126	84663	82070	1940	68119	68132	82951	1368	82856	68141	74732	68139	82834	1589	83052	83213	82104	82087	82085	1295	1249	1183	68277	68360	68362	68181	68271	68232	68401	82835	68195	68292	68177	68179	68191	68175	68128	75264	68073	75015	83466	68202	74974	75030	68184	68085	68070	1564	75586	68147	
3000147709	83266	82949	83329	1119	0	622	1528	82237	82281	75202	75235	68178	83085	83150	82842	1737	83120	63761	63901	63617	74645	82118	1290	82045	67977	83006	83018	74775	68159	83132	74630	74737	74721	74652	81996	82831	81997	74800	75630	84709	75263	68038	68072	75181	74667	68471	1590	1538	83304	83369	82840	68032	83369	74812	83348	68333	82881	68152	75011	76202	1315	68182	83093	84596	82011	1897	68149	68067	82872	1417	82871	68072	74773	68117	82773	1660	82971	83135	82055	82031	82021	1264	1128	1206	68211	68194	68433	68164	68244	68164	68365	82780	68179	68201	68181	68130	68231	68148	68044	75299	67988	74993	83434	68122	74931	75061	68089	68113	68110	1505	75579	68096	
3000147711	83286	82994	83300	1121	622	0	1528	82318	82328	75204	75233	68232	83095	83130	82825	1872	83162	63779	63996	63740	74647	82161	1412	82081	68161	83023	82994	74781	68221	83080	74630	74715	74791	74614	82045	82846	82004	74803	75591	84705	75273	68120	68281	75183	74631	68493	1588	1792	83298	83273	82922	68146	83357	74850	83352	68383	82874	68277	75001	76190	1329	68336	83131	84592	82054	1927	68171	68143	82885	1445	82831	68156	74789	68205	82778	1828	82986	83142	82149	82038	82036	1280	1286	1230	68347	68354	68411	68244	68378	68326	68409	82821	68287	68279	68331	68322	68363	68284	68172	75174	68175	75021	83453	68264	74937	75045	68339	68203	68262	1615	75568	68276	
3000147726	83291	82989	83326	1385	1528	1528	0	82267	82241	75187	75220	68123	83053	83070	82837	1501	83105	63613	63766	63568	74535	82131	1556	82076	67995	82934	82936	74732	67971	83037	74643	74714	74611	74667	81943	82757	81933	74721	75492	84676	75242	67907	68068	75160	74545	68432	1188	1455	83314	83305	82926	68082	83371	74872	83363	68348	82906	68078	74965	76081	1609	68164	83071	84581	82023	1912	68036	68044	82825	1243	82793	68099	74689	68039	82707	1358	82939	83098	82069	81972	81936	1512	1568	1558	68298	68212	68301	68134	68180	68240	68311	82853	68083	68204	68066	68176	68124	68101	68028	75238	67971	74940	83435	68145	74895	74953	68123	67947	68011	1396	75468	67980	
3000147736	59794	71484	59961	82329	82237	82318	82267	0	955	74575	74634	80655	54932	54997	60388	82232	55048	82066	81947	82202	76102	65738	81921	65793	80363	71446	55008	76156	80311	59921	76295	76103	76022	76087	1303	55032	1428	76269	75749	84298	74625	80391	80327	74507	76155	79474	82093	82148	59917	59999	71394	80480	59971	76347	59836	80215	71413	80305	76667	74728	82275	80263	59891	83976	65783	82243	80322	80675	55082	82222	60342	80422	76213	80393	71393	81879	55004	55237	1312	70571	70587	82052	82137	82099	80581	80589	80452	80712	80422	80630	80569	71432	80608	80627	80257	80451	80327	80563	80401	75618	80395	76586	60064	80314	76474	76494	80481	80391	80357	82060	75768	80651	
3000147738	59849	71328	59885	82356	82281	82328	82241	955	0	74820	74881	80672	54750	54756	60449	82192	54890	82066	81918	82232	76190	65687	81941	65810	80352	71376	54816	76226	80268	59902	76357	76188	76096	76177	902	54803	1038	76338	75770	84553	74861	80408	80286	74748	76243	79448	82086	82182	60026	59887	71432	80476	60012	76441	59909	80166	71277	80304	76746	74786	82299	80282	59888	84223	65737	82188	80305	80638	54854	82244	60385	80456	76300	80367	71200	81895	54789	55008	1021	70314	70330	82029	82132	82129	80586	80590	80477	80698	80403	80682	80534	71250	80582	80617	80258	80472	80351	80516	80410	75695	80382	76640	60027	80296	76551	76570	80532	80373	80333	82052	75780	80618	
3000147739	76426	76007	76288	75267	75202	75204	75187	74575	74820	0	1530	72506	74193	74238	75748	75018	73926	73227	73057	73320	55363	73359	74713	73370	72431	75925	74060	55457	72449	75994	55542	55385	55293	55350	74513	73779	74543	55519	55312	11647	1536	72700	72372	1464	55439	71564	75082	75203	76420	76307	75974	72711	76383	55668	76142	72279	76021	72578	55957	57519	75273	72429	76047	11003	73262	74990	72318	72784	73834	75157	75688	72575	55500	72529	75796	74801	74003	74097	74734	72854	72738	74829	74911	74942	72659	72691	72592	72771	72556	72866	72576	75913	72769	72754	72372	72531	72464	72644	72528	55511	72567	55860	76346	72470	55733	55753	72635	72510	72443	74903	55491	72758	
3000147753	76476	76014	76348	75300	75235	75233	75220	74634	74881	1530	0	72594	74244	74275	75811	75051	73977	73289	73132	73396	55446	73414	74746	73425	72491	75966	74115	55525	72542	76046	55613	55455	55368	55429	74560	73824	74582	55588	55355	11554	1271	72777	72458	1345	55518	71627	75111	75236	76468	76304	75983	72800	76423	55747	76190	72348	76055	72665	56040	57584	75302	72518	76100	10908	73297	75019	72407	72871	73907	75190	75724	72663	55534	72622	75833	74834	74048	74136	74779	72888	72789	74858	74944	74975	72742	72780	72681	72852	72649	72937	72665	75958	72853	72835	72450	72601	72555	72712	72615	55533	72639	55921	76433	72526	55804	55834	72722	72579	72536	74936	55528	72848	
3000147756	81959	81357	81861	68133	68178	68232	68123	80655	80672	72506	72594	0	80860	80961	81456	68181	80898	67864	68091	67767	71428	80223	68257	80233	1615	81413	80866	71526	1721	81697	71468	71566	71497	71552	80421	80689	80450	71527	71447	82175	72604	1363	1710	72504	71384	3420	68100	68207	81967	81899	81229	1544	82021	71582	81895	1779	81322	1600	71698	72700	68112	1789	81716	81963	80170	68625	1750	1660	80692	68104	81398	1617	71528	1711	81245	68220	80783	80898	80539	80893	80912	68250	68130	68181	1917	1813	1863	1532	1870	1774	1902	81233	1861	1920	1754	1687	1752	1620	1613	72086	1461	71710	81983	1844	71728	71801	1697	1624	1698	68152	71434	1604	
3000147769	52093	70606	52220	83156	83085	83095	83053	54932	54750	74193	74244	80860	0	519	52652	82953	1510	82242	82072	82367	75296	59272	82767	59312	80564	70634	1433	75354	80562	52096	75467	75282	75198	75235	54936	1081	55109	75437	74671	83889	74251	80572	80554	74133	75334	79657	82878	82920	52081	52121	70495	80683	52127	75528	52164	80370	70380	80491	75787	74211	83014	80554	52117	83570	59291	82971	80570	80844	1515	83024	52576	80702	75364	80594	70473	82718	1041	1588	54895	70182	70304	82794	82911	82924	80839	80791	80682	80875	80614	80883	80732	70464	80798	80843	80531	80645	80538	80730	80602	74134	80629	75769	52120	80549	75611	75658	80729	80612	80552	82801	74723	80886	
3000147771	52077	70539	52136	83202	83150	83130	83070	54997	54756	74238	74275	80961	519	0	52676	83009	1563	82188	82010	82331	75340	59205	82782	59288	80532	70625	1153	75388	80610	52013	75521	75330	75255	75269	54898	1066	55084	75461	74693	83942	74252	80563	80524	74172	75366	79641	82893	83009	52157	52045	70489	80657	52061	75561	52060	80408	70483	80492	75825	74204	83073	80593	52018	83615	59255	82964	80585	80808	1405	83078	52583	80660	75395	80646	70446	82747	887	1435	54986	70198	70274	82787	82940	82949	80801	80791	80654	80915	80578	80885	80700	70455	80788	80782	80499	80619	80512	80695	80599	74161	80609	75828	52073	80577	75640	75717	80697	80582	80630	82866	74755	80851	
3000147775	1932	69824	1927	82832	82842	82825	82837	60388	60449	75748	75811	81456	52652	52676	0	82801	52751	82577	82457	82719	75659	56978	82443	56898	81103	69682	52452	75660	81149	1927	75861	75639	75594	75604	60167	52478	60206	75778	75823	85464	75793	81150	81099	75696	75681	80044	82553	82720	1893	2491	69592	81197	1865	75883	2019	80936	69694	81124	76118	74930	82837	80957	2365	85160	56976	82698	81023	81309	52480	82706	469	81108	75694	81050	69657	82402	52577	52601	60193	71131	71150	82479	82635	82590	81228	81349	81154	81363	81170	81409	81172	69744	81306	81321	81033	81182	81039	81291	81182	75493	81236	76091	2181	81183	75937	76054	81185	81189	81095	82604	75880	81396	
3000147786	83253	82864	83304	1790	1737	1872	1501	82232	82192	75018	75051	68181	82953	83009	82801	0	83001	63710	63974	63742	74605	82133	1923	82076	68065	82940	82861	74624	68133	83039	74676	74708	74607	74576	81952	82726	81904	74705	75465	84495	75085	68114	68113	74999	74542	68359	1597	1769	83267	83274	82776	68062	83357	74746	83323	68349	82781	68180	74845	76020	1739	68210	83110	84406	82059	2178	68129	68073	82764	1596	82806	68228	74645	68109	82639	1703	82873	83005	82025	81894	81892	1881	1821	1966	68264	68327	68372	68202	68329	68157	68292	82723	68186	68264	68205	68299	68273	68178	68202	75043	68102	74861	83380	68120	74863	74900	68134	68099	68097	1766	75324	68123	
3000147789	52226	70633	52337	83214	83120	83162	83105	55048	54890	73926	73977	80898	1510	1563	52751	83001	0	82178	82036	82327	75208	59317	82818	59407	80600	70705	1518	75258	80627	52162	75391	75190	75127	75153	55048	1689	55216	75338	74564	83628	73947	80605	80596	73901	75230	79691	82930	82953	52222	52248	70566	80685	52273	75418	52341	80395	70450	80524	75688	74098	83075	80585	52144	83311	59326	83026	80606	80865	1594	83076	52676	80708	75264	80633	70526	82780	1668	1848	55024	70188	70294	82835	82947	82955	80864	80846	80744	80903	80649	80911	80763	70554	80830	80850	80569	80684	80575	80767	80632	74099	80686	75697	52254	80625	75510	75586	80767	80658	80585	82842	74638	80931	
3000806254_LG	83080	83310	83062	63699	63761	63779	63613	82066	82066	73227	73289	67864	82242	82188	82577	63710	82178	0	850	821	72917	81395	63486	81317	67617	83331	82002	72980	67556	82738	73112	73040	72966	73025	81784	81857	81764	73039	73577	82926	73256	67622	67593	73221	72872	67783	63553	63636	83138	83100	83305	67506	83113	73245	82992	67759	83321	67730	73417	74334	63814	67645	82814	82658	81205	63876	67472	67613	81895	63650	82563	67616	72949	67558	83240	63345	81978	82066	81892	81743	81701	63534	63432	63520	67754	67759	67764	67805	67768	67810	67747	83203	67587	67709	67454	67689	67644	67625	67558	73855	67550	73340	83051	67665	73270	73330	67558	67512	67660	63377	73550	67656	
3000806254_RA	82940	83169	82943	63934	63901	63996	63766	81947	81918	73057	73132	68091	82072	82010	82457	63974	82036	850	0	1023	73038	81265	63527	81182	67596	83208	81826	73177	67611	82564	73247	73099	73077	73049	81655	81710	81563	73164	73597	82752	73111	67737	67602	73045	73023	67793	63684	63755	83017	82985	83161	67819	82954	73376	82856	67742	83211	67824	73482	74321	63986	67662	82701	82484	81092	63828	67665	67806	81738	63801	82460	67719	73202	67479	83084	63655	81798	81880	81745	81587	81550	63670	63645	63729	67870	67834	67900	67918	67748	67928	67701	83011	67714	67790	67589	67742	67775	67642	67733	73921	67756	73551	82904	67688	73289	73503	67687	67743	67701	63614	73516	67771	
3000911712	83197	83431	83234	63644	63617	63740	63568	82202	82232	73320	73396	67767	82367	82331	82719	63742	82327	821	1023	0	72917	81457	63387	81430	67505	83454	82178	73096	67474	82875	73016	73102	73003	73152	81893	82015	81854	73079	73649	83023	73389	67570	67583	73332	72958	67925	63566	63661	83273	83272	83428	67543	83206	73327	83113	67780	83563	67699	73468	74421	63842	67605	82921	82751	81292	63952	67526	67564	82095	63471	82747	67433	73085	67607	83451	63371	82123	82185	81992	81919	81835	63564	63493	63355	67748	67600	67649	67664	67665	67689	67700	83291	67552	67837	67498	67418	67629	67564	67645	74076	67403	73372	83202	67667	73341	73376	67405	67646	67600	63434	73649	67584	
3000911713	76135	76958	76037	74626	74645	74647	74535	76102	76190	55363	55446	71428	75296	75340	75659	74605	75208	72917	73038	72917	0	74704	74245	74747	71535	76881	75174	744	71502	75752	840	666	408	463	75886	74929	75951	865	54183	65123	55461	71697	71432	55392	665	71386	74568	74584	76132	76052	76883	71707	76094	1024	75981	71488	76947	71558	1162	55526	74657	71580	75853	64818	74610	74588	71475	71725	74985	74545	75569	71557	745	71695	76776	74337	75125	75237	76091	74340	74267	74266	74337	74325	71780	71764	71642	71759	71610	71970	71631	76864	71663	71753	71491	71509	71576	71636	71578	54946	71496	1026	76125	71624	1008	1075	71724	71554	71530	74278	54178	71711	
3000911719	56479	69835	56432	82161	82118	82161	82131	65738	65687	73359	73414	80223	59272	59205	56978	82133	59317	81395	81265	81457	74704	0	81755	655	79798	70001	59130	74755	79832	56409	74915	74732	74641	74690	65596	59216	65693	74864	73909	83080	73452	79848	79821	73325	74790	78926	81926	82041	56560	56560	69921	79948	56428	74983	56416	79710	70039	79853	75237	74223	82154	79748	56492	82757	602	82016	79761	80046	59232	82018	57106	79810	74777	79811	69955	81721	59090	59246	65674	67324	67331	81839	81930	81880	79987	80061	79870	80135	79857	80062	79901	69967	79975	80072	79766	79916	79714	79931	79886	73835	79916	75182	56698	79834	75050	75106	79897	79874	79837	81926	73987	80077	
3000911720	82928	82643	82993	1355	1290	1412	1556	81921	81941	74713	74746	68257	82767	82782	82443	1923	82818	63486	63527	63387	74245	81755	0	81712	67842	82594	82616	74403	67773	82703	74279	74395	74275	74355	81593	82439	81565	74372	75224	84216	74780	67985	67927	74696	74173	68289	1536	1673	82972	83007	82642	67991	83006	74556	82991	68037	82660	68201	74714	75840	1357	67938	82698	84103	81649	1766	67788	67984	82507	1559	82459	67915	74357	67783	82427	1434	82620	82773	81678	81679	81631	972	940	1002	67942	68064	68062	68069	68177	68022	68021	82476	68027	68048	67904	68025	68043	67967	67966	74949	67930	74710	83104	68013	74509	74673	67970	67946	67922	1328	75160	68060	
3000911721	56471	69941	56527	82091	82045	82081	82076	65793	65810	73370	73425	80233	59312	59288	56898	82076	59407	81317	81182	81430	74747	655	81712	0	79771	70024	59176	74781	79810	56493	74944	74740	74660	74698	65646	59314	65671	74868	73925	83081	73453	79836	79754	73314	74803	78883	81855	81965	56598	56821	69840	79946	56486	74978	56472	79721	70075	79851	75239	74194	82090	79692	56599	82760	719	81950	79758	79991	59286	81965	57022	79803	74827	79799	70022	81663	59233	59307	65672	67454	67391	81756	81847	81814	79923	80059	79886	80135	79849	80084	79883	70003	79983	80019	79721	79927	79714	79946	79909	73886	79925	75202	56738	79805	75077	75137	79895	79823	79818	81850	73971	79992	
3000911724	81625	81011	81531	68062	67977	68161	67995	80363	80352	72431	72491	1615	80564	80532	81103	68065	80600	67617	67596	67505	71535	79798	67842	79771	0	80942	80357	71626	1380	81185	71544	71612	71567	71485	79990	80261	80040	71607	71475	82090	72506	1462	1263	72421	71537	3215	68009	68084	81654	81581	80865	1539	81546	71763	81487	1532	80939	1650	71900	72723	68163	1640	81372	81876	79717	68116	1261	1487	80298	68102	81029	1438	71620	1420	80791	68012	80340	80433	80184	80504	80495	67936	67845	67974	1553	1526	1757	1512	1491	1545	1549	80777	1592	1643	1393	1434	1467	1305	1400	72192	1383	71924	81594	1479	71799	71951	1402	1529	1381	67819	71392	1435	
3000911726	69082	1561	69208	83049	83006	83023	82934	71446	71376	75925	75966	81413	70634	70625	69682	82940	70705	83331	83208	83454	76881	70001	82594	70024	80942	0	70520	76912	80925	69035	77057	76903	76787	76832	71295	70492	71229	77028	76320	85673	75965	81079	80885	75878	76966	79025	82740	82924	69299	69210	1889	81148	69307	77175	69125	80876	1848	81086	77415	76345	83080	80843	69105	85341	69938	82849	80837	81186	70578	82895	69621	81020	76895	80930	2100	82608	70615	70615	71346	72225	72146	82706	82815	82786	81169	81210	81063	81274	81045	81301	81062	2016	81165	81235	80923	81100	80988	81200	81077	76499	81054	77335	69321	81002	77211	77285	81068	81080	80930	82762	76367	81206	
3000911730	51977	70572	51986	83050	83018	82994	82936	55008	54816	74060	74115	80866	1433	1153	52452	82861	1518	82002	81826	82178	75174	59130	82616	59176	80357	70520	0	75228	80438	51801	75366	75174	75097	75101	54879	1414	55001	75314	74567	83770	74086	80433	80333	74024	75200	79496	82749	82873	52074	51910	70565	80527	51953	75398	51922	80278	70467	80360	75669	74067	82941	80409	51872	83447	59155	82806	80389	80662	1274	82944	52367	80523	75255	80522	70432	82595	1312	1387	54831	70195	70220	82627	82782	82797	80603	80663	80508	80781	80434	80747	80544	70546	80657	80586	80314	80490	80356	80546	80477	74016	80470	75668	51985	80390	75486	75557	80569	80396	80466	82730	74599	80672	
3000911734	76145	76973	76032	74734	74775	74781	74732	76156	76226	55457	55525	71526	75354	75388	75660	74624	75258	72980	73177	73096	744	74755	74403	74781	71626	76912	75228	0	71717	75770	982	342	666	739	75955	74991	75995	913	54170	65226	55523	71743	71565	55458	785	71349	74640	74700	76153	76057	76898	71717	76082	1036	75985	71509	76949	71676	1184	55529	74737	71636	75918	64921	74638	74792	71519	71822	75055	74674	75591	71685	320	71766	76794	74409	75164	75272	76152	74381	74342	74422	74487	74473	71801	71887	71747	71898	71738	71984	71795	76874	71792	71805	71526	71657	71608	71772	71628	55014	71704	1078	76143	71839	1074	1183	71803	71625	71720	74382	54239	71868	
3000911735	81603	81027	81595	68191	68159	68221	67971	80311	80268	72449	72542	1721	80562	80610	81149	68133	80627	67556	67611	67474	71502	79832	67773	79810	1380	80925	80438	71717	0	81251	71567	71613	71618	71651	80027	80274	79988	71712	71576	82118	72562	1520	1401	72480	71556	3222	68031	68068	81600	81586	80870	1665	81624	71810	81546	1678	80986	1835	72065	72852	68210	1547	81348	81906	79729	68263	1427	1707	80324	68200	81062	1563	71723	1494	80820	67953	80448	80532	80170	80582	80530	67971	67903	68011	1646	1663	1618	1704	1676	1654	1620	80859	1568	1681	1442	1619	1589	1492	1433	72320	1452	71975	81615	1498	71870	72010	1583	1546	1457	67877	71557	1536	
3000911737	1185	69209	1228	83127	83132	83080	83037	59921	59902	75994	76046	81697	52096	52013	1927	83039	52162	82738	82564	82875	75752	56409	82703	56493	81185	69035	51801	75770	81251	0	75961	75751	75689	75688	59762	51965	59787	75887	75931	85683	76081	81260	81143	75956	75815	80170	82786	82979	1316	1885	69060	81351	1212	76035	1540	81178	69045	81281	76260	75272	83108	81236	1856	85377	56388	82918	81155	81476	51854	83006	1869	81267	75810	81270	68994	82680	51919	52028	59754	70683	70782	82753	82893	82867	81428	81468	81351	81608	81241	81551	81304	69038	81447	81473	81150	81324	81217	81396	81320	75791	81330	76228	1460	81264	76056	76192	81391	81262	81279	82840	75943	81454	
3000911773	76334	77170	76222	74736	74630	74630	74643	76295	76357	55542	55613	71468	75467	75521	75861	74676	75391	73112	73247	73016	840	74915	74279	74944	71544	77057	75366	982	71567	75961	0	946	944	919	76074	75074	76115	447	54349	65301	55622	71813	71511	55555	859	71502	74653	74714	76339	76245	77093	71771	76285	1136	76184	71465	77155	71612	1352	55635	74713	71754	76034	64994	74833	74657	71533	71818	75172	74680	75777	71543	1047	71772	76960	74463	75288	75409	76281	74561	74488	74382	74435	74445	71791	71828	71714	71838	71742	71984	71771	77066	71766	71725	71610	71639	71720	71710	71580	55149	71578	1232	76326	71759	1202	1283	71843	71723	71680	74368	54336	71786	
3000911792	76124	76930	76010	74790	74737	74715	74714	76103	76188	55385	55455	71566	75282	75330	75639	74708	75190	73040	73099	73102	666	74732	74395	74740	71612	76903	75174	342	71613	75751	946	0	690	747	75901	74927	75942	993	54227	65154	55461	71853	71573	55406	847	71391	74711	74704	76119	76019	76879	71805	76069	952	75976	71545	76933	71720	1304	55569	74823	71678	75849	64845	74624	74686	71513	71892	74991	74675	75563	71657	435	71764	76749	74383	75101	75215	76088	74319	74282	74402	74451	74499	71825	71951	71793	71890	71740	71986	71771	76834	71804	71819	71652	71663	71668	71776	71648	55028	71693	1108	76116	71695	1103	1159	71799	71679	71696	74416	54250	71846	
3000911798	76063	76862	75963	74722	74721	74791	74611	76022	76096	55293	55368	71497	75198	75255	75594	74607	75127	72966	73077	73003	408	74641	74275	74660	71567	76787	75097	666	71618	75689	944	690	0	543	75808	74823	75861	871	54097	65059	55359	71726	71556	55307	813	71312	74620	74610	76052	75977	76811	71692	76019	968	75911	71484	76881	71626	1176	55446	74687	71517	75744	64754	74559	74670	71500	71813	74906	74571	75504	71676	655	71713	76676	74213	75036	75151	76008	74266	74183	74396	74409	74423	71819	71825	71642	71871	71648	71950	71673	76775	71785	71814	71523	71576	71523	71697	71603	54942	71564	1020	76051	71722	1044	1051	71650	71570	71659	74322	54120	71743	
3000911914	76085	76912	75972	74704	74652	74614	74667	76087	76177	55350	55429	71552	75235	75269	75604	74576	75153	73025	73049	73152	463	74690	74355	74698	71485	76832	75101	739	71651	75688	919	747	543	0	75886	74860	75924	1024	54196	65114	55436	71814	71468	55355	836	71347	74603	74758	76063	75989	76844	71804	76042	1005	75905	71415	76889	71621	1159	55522	74735	71729	75816	64809	74581	74533	71518	71818	74908	74692	75522	71627	798	71738	76714	74453	75051	75165	76081	74296	74267	74340	74457	74459	71771	71849	71805	71876	71713	71991	71750	76803	71803	71770	71495	71699	71591	71732	71633	54959	71708	1153	76073	71686	1049	1170	71789	71671	71677	74436	54203	71869	
3000911919	59917	71371	59827	82062	81996	82045	81943	1303	902	74513	74560	80421	54936	54898	60167	81952	55048	81784	81655	81893	75886	65596	81593	65646	79990	71295	54879	75955	80027	59762	76074	75901	75808	75886	0	54726	662	76057	75515	84228	74553	80093	79969	74472	75939	79155	81783	81914	60054	59907	71317	80163	59990	76146	59883	79872	71430	80071	76458	74497	82034	79969	59691	83896	65543	81875	79974	80316	54760	81920	60141	80095	76004	80045	71096	81556	54842	54998	803	70371	70377	81706	81818	81784	80219	80262	80160	80353	80109	80388	80205	71343	80293	80300	79941	80144	80002	80213	80143	75415	80128	76381	60067	80066	76256	76287	80189	80107	80023	81729	75519	80327	
3000911922	52217	70591	52104	82917	82831	82846	82757	55032	54803	73779	73824	80689	1081	1066	52478	82726	1689	81857	81710	82015	74929	59216	82439	59314	80261	70492	1414	74991	80274	51965	75074	74927	74823	74860	54726	0	54813	75072	74292	83477	73802	80367	80263	73735	74966	79410	82612	82696	52285	52017	70574	80433	52140	75166	52161	80088	70523	80267	75433	73795	82793	80235	51882	83156	59162	82677	80259	80570	1233	82768	52423	80423	75011	80334	70360	82398	657	1577	54976	70141	70237	82472	82601	82611	80522	80546	80389	80599	80349	80656	80455	70478	80550	80521	80236	80399	80280	80470	80364	73848	80357	75396	52237	80270	75240	75274	80458	80308	80277	82543	74321	80590	
3000911931	59811	71322	59840	82043	81997	82004	81933	1428	1038	74543	74582	80450	55109	55084	60206	81904	55216	81764	81563	81854	75951	65693	81565	65671	80040	71229	55001	75995	79988	59787	76115	75942	75861	75924	662	54813	0	76087	75545	84254	74592	80121	79936	74496	75997	79167	81747	81876	60017	59944	71248	80190	59998	76196	59885	79946	71358	80118	76506	74533	82015	79992	59778	83922	65611	81847	79971	80340	54979	81888	60198	80150	76058	80046	71148	81561	55043	55082	881	70494	70572	81670	81781	81749	80296	80299	80182	80371	80080	80408	80175	71297	80296	80341	80034	80195	80096	80253	80171	75476	80098	76423	60097	80043	76287	76323	80237	80093	80041	81712	75558	80306	
3000911937	76255	77074	76155	74757	74800	74803	74721	76269	76338	55519	55588	71527	75437	75461	75778	74705	75338	73039	73164	73079	865	74864	74372	74868	71607	77028	75314	913	71712	75887	447	993	871	1024	76057	75072	76087	0	54387	65278	55597	71774	71578	55532	822	71431	74637	74718	76261	76171	77015	71772	76218	1259	76095	71526	77080	71654	1259	55677	74738	71579	75995	64971	74752	74779	71606	71797	75130	74665	75688	71710	902	71775	76861	74526	75249	75346	76258	74475	74446	74457	74484	74506	71875	71936	71731	71875	71802	72024	71795	76964	71823	71840	71561	71664	71627	71723	71645	55100	71654	1261	76244	71888	1067	1292	71838	71670	71665	74389	54350	71847	
3000912725	76315	76378	76150	75584	75630	75591	75492	75749	75770	55312	55355	71447	74671	74693	75823	75465	74564	73577	73597	73649	54183	73909	75224	73925	71475	76320	74567	54170	71576	75931	54349	54227	54097	54196	75515	74292	75545	54387	0	65158	55326	71664	71501	55247	54208	71061	75457	75563	76325	76161	76314	71706	76241	54397	76114	71370	76390	71478	54657	55698	75597	71558	75975	64794	73782	75475	71471	71723	74377	75513	75745	71595	54225	71635	76240	75166	74474	74558	75713	73576	73488	75285	75342	75336	71829	71731	71644	71783	71528	71962	71589	76251	71694	71795	71432	71552	71474	71645	71601	52909	71550	54544	76295	71604	54631	54554	71608	71569	71483	75279	835	71763	
3000912734	86115	85757	85981	84780	84709	84705	84676	84298	84553	11647	11554	82175	83889	83942	85464	84495	83628	82926	82752	83023	65123	83080	84216	83081	82090	85673	83770	65226	82118	85683	65301	65154	65059	65114	84228	83477	84254	65278	65158	0	11609	82349	82043	11501	65202	81217	84554	84688	86107	86019	85722	82378	86074	65435	85831	81920	85761	82243	65722	67335	84776	82094	85762	4873	82969	84486	81978	82453	83574	84647	85387	82246	65263	82200	85544	84286	83701	83795	84447	82601	82495	84330	84414	84449	82320	82356	82257	82428	82229	82507	82241	85663	82434	82425	82029	82178	82135	82287	82191	65292	82206	65625	86093	82099	65494	65514	82298	82151	82114	84390	65323	82423	
3000912744	76497	76042	76373	75328	75263	75273	75242	74625	74861	1536	1271	72604	74251	74252	75793	75085	73947	73256	73111	73389	55461	73452	74780	73453	72506	75965	74086	55523	72562	76081	55622	55461	55359	55436	74553	73802	74592	55597	55326	11609	0	72809	72470	1330	55521	71657	75145	75268	76492	76337	76016	72824	76443	55718	76215	72376	76058	72667	56023	57512	75342	72538	76065	10963	73328	75051	72411	72879	73834	75224	75713	72667	55554	72630	75835	74860	74009	74141	74781	72892	72787	74888	74974	75001	72772	72804	72705	72880	72669	72979	72689	75936	72863	72813	72472	72635	72555	72738	72627	55568	72661	55936	76373	72568	55819	55849	72728	72613	72544	74968	55549	72856	
3000912745	81642	81023	81562	68038	68038	68120	67907	80391	80408	72700	72777	1363	80572	80563	81150	68114	80605	67622	67737	67570	71697	79848	67985	79836	1462	81079	80433	71743	1520	81260	71813	71853	71726	71814	80093	80367	80121	71774	71664	82349	72809	0	1311	72703	71649	3094	67867	67952	81658	81582	80826	1243	81606	71939	81470	1646	80987	1369	72039	72990	68011	1584	81392	82137	79761	68447	1623	1403	80403	67916	81069	1228	71743	1518	80921	67990	80386	80493	80259	80650	80662	68036	68017	67972	1709	1560	1538	1479	1499	1561	1627	80799	1642	1675	1385	1472	1377	1339	1398	72324	1218	72135	81634	1533	72011	72092	1416	1233	1491	67923	71755	1457	
3000912748	81578	80962	81542	68196	68072	68281	68068	80327	80286	72372	72458	1710	80554	80524	81099	68113	80596	67593	67602	67583	71432	79821	67927	79754	1263	80885	80333	71565	1401	81143	71511	71573	71556	71468	79969	80263	79936	71578	71501	82043	72470	1311	0	72392	71490	3146	68135	68134	81601	81546	80785	1468	81556	71750	81445	1565	80855	1580	71897	72746	68182	1593	81343	81831	79699	68207	1520	1478	80250	68223	81038	1331	71621	1595	80738	68099	80320	80449	80195	80482	80481	68042	67940	68094	1615	1624	1624	1631	1487	1711	1497	80710	1616	1699	1324	1471	1542	1396	1443	72237	1239	71877	81571	1414	71774	71902	1621	1498	1538	67923	71458	1450	
3000912749	76351	75976	76234	75246	75181	75183	75160	74507	74748	1464	1345	72504	74133	74172	75696	74999	73901	73221	73045	73332	55392	73325	74696	73314	72421	75878	74024	55458	72480	75956	55555	55406	55307	55355	74472	73735	74496	55532	55247	11501	1330	72703	72392	0	55446	71563	75055	75186	76369	76248	75939	72738	76319	55640	76065	72279	75965	72566	55962	57476	75252	72435	76017	10855	73200	74964	72315	72805	73816	75140	75615	72593	55485	72553	75767	74779	73951	74026	74684	72816	72710	74800	74890	74919	72682	72720	72619	72798	72592	72875	72606	75843	72783	72761	72380	72542	72457	72632	72547	55468	72561	55865	76337	72456	55750	55785	72623	72489	72464	74884	55473	72779	
3000912750	76188	77028	76049	74614	74667	74631	74545	76155	76243	55439	55518	71384	75334	75366	75681	74542	75230	72872	73023	72958	665	74790	74173	74803	71537	76966	75200	785	71556	75815	859	847	813	836	75939	74966	75997	822	54208	65202	55521	71649	71490	55446	0	71344	74447	74578	76189	76082	76944	71669	76117	1031	76026	71388	77009	71523	1137	55535	74547	71518	75936	64895	74688	74558	71439	71679	75013	74540	75620	71575	762	71633	76846	74373	75141	75247	76153	74417	74377	74270	74317	74323	71753	71847	71554	71729	71661	71889	71620	76916	71625	71673	71425	71525	71490	71648	71550	54984	71593	1181	76178	71774	993	1144	71744	71488	71548	74194	54207	71721	
3000912751	80541	79015	80478	68418	68471	68493	68432	79474	79448	71564	71627	3420	79657	79641	80044	68359	79691	67783	67793	67925	71386	78926	68289	78883	3215	79025	79496	71349	3222	80170	71502	71391	71312	71347	79155	79410	79167	71431	71061	81217	71657	3094	3146	71563	71344	0	68267	68354	80529	80503	78846	2523	80522	71500	80412	3238	78986	3381	71694	72224	68460	3105	80267	80999	78877	68686	3255	3225	79414	68301	79990	3222	71384	3266	78884	68227	79464	79572	79304	79558	79591	68360	68311	68299	3430	3517	3274	3565	3403	3404	3432	78833	3431	3428	3194	3271	3156	3323	3135	71454	3310	71646	80530	3319	71542	71671	3373	3165	3204	68410	70990	3249	
3000912752	83036	82770	83060	1479	1590	1588	1188	82093	82086	75082	75111	68100	82878	82893	82553	1597	82930	63553	63684	63566	74568	81926	1536	81855	68009	82740	82749	74640	68031	82786	74653	74711	74620	74603	81783	82612	81747	74637	75457	84554	75145	67867	68135	75055	74447	68267	0	1411	83039	83015	82720	67912	83094	74831	83078	68179	82699	67974	74840	76074	1483	68054	82860	84468	81805	1778	68040	68029	82642	873	82525	68171	74644	67892	82493	1162	82752	82909	81888	81788	81781	1564	1582	1548	68288	68165	68280	68036	68092	68195	68158	82606	68072	68126	68006	68120	68141	68073	68080	75041	68096	74919	83184	68136	74776	75028	68049	67955	68010	1358	75415	68009	
3000912753	83153	82889	83199	1565	1538	1792	1455	82148	82182	75203	75236	68207	82920	83009	82720	1769	82953	63636	63755	63661	74584	82041	1673	81965	68084	82924	82873	74700	68068	82979	74714	74704	74610	74758	81914	82696	81876	74718	75563	84688	75268	67952	68134	75186	74578	68354	1411	0	83165	83187	82759	68014	83264	74871	83214	68346	82751	68031	74973	76086	1513	68146	82985	84597	81953	1911	68181	68131	82726	1460	82726	68201	74686	67982	82683	1563	82831	82986	81986	81907	81891	1689	1486	1717	68337	68276	68376	68203	68271	68261	68286	82728	68084	68237	68202	68300	68272	68028	68079	75069	68017	74989	83273	68105	74870	74962	68160	68102	67920	1229	75481	68150	
3000912755	857	69186	1282	83291	83304	83298	83314	59917	60026	76420	76468	81967	52081	52157	1893	83267	52222	83138	83017	83273	76132	56560	82972	56598	81654	69299	52074	76153	81600	1316	76339	76119	76052	76063	60054	52285	60017	76261	76325	86107	76492	81658	81601	76369	76189	80529	83039	83165	0	1780	69101	81729	560	76369	1448	81517	69082	81645	76591	75603	83238	81548	1948	85805	56678	83234	81618	81883	52195	83180	1997	81688	76179	81623	69336	82907	52205	52356	59886	70800	70943	83000	83165	83092	81816	81902	81731	81950	81667	81862	81722	69213	81844	81877	81573	81751	81591	81815	81723	76070	81734	76577	1554	81649	76428	76544	81742	81673	81614	83090	76364	81915	
3000912756	1816	69121	1775	83355	83369	83273	83305	59999	59887	76307	76304	81899	52121	52045	2491	83274	52248	83100	82985	83272	76052	56560	83007	56821	81581	69210	51910	76057	81586	1885	76245	76019	75977	75989	59907	52017	59944	76171	76161	86019	76337	81582	81546	76248	76082	80503	83015	83187	1780	0	69127	81664	1778	76273	1986	81378	69149	81536	76521	75465	83270	81505	1239	85717	56622	83204	81523	81783	51969	83214	2441	81645	76016	81527	69118	82948	52023	52127	59950	70669	70781	82973	83144	83138	81779	81822	81677	81832	81608	81906	81655	69314	81784	81824	81568	81685	81567	81744	81606	75899	81650	76501	2097	81602	76327	76428	81667	81620	81566	83080	76222	81855	
3000912758	68994	1793	69108	82957	82840	82922	82926	71394	71432	75974	75983	81229	70495	70489	69592	82776	70566	83305	83161	83428	76883	69921	82642	69840	80865	1889	70565	76898	80870	69060	77093	76879	76811	76844	71317	70574	71248	77015	76314	85722	76016	80826	80785	75939	76944	78846	82720	82759	69101	69127	0	80916	69099	77107	69067	80760	937	80821	77345	76334	82921	80821	69124	85390	69866	82853	80848	81006	70534	82816	69621	80896	76858	80875	2106	82647	70491	70548	71461	72177	72100	82675	82773	82747	81041	81084	80920	81166	80899	81074	80897	1780	81010	81104	80854	80965	80819	81017	80890	76476	80889	77336	69212	80861	77205	77297	80930	80888	80805	82734	76390	81111	
3000912790	81731	81089	81664	68173	68032	68146	68082	80480	80476	72711	72800	1544	80683	80657	81197	68062	80685	67506	67819	67543	71707	79948	67991	79946	1539	81148	80527	71717	1665	81351	71771	71805	71692	71804	80163	80433	80190	71772	71706	82378	72824	1243	1468	72738	71669	2523	67912	68014	81729	81664	80916	0	81703	71807	81569	1521	81055	1506	71933	72940	68061	1639	81450	82166	79850	68442	1644	1242	80433	67955	81182	1449	71733	1535	80990	67958	80489	80588	80336	80690	80672	68028	67913	67951	1557	1511	1597	1508	1702	1514	1602	80878	1643	1668	1474	1407	1482	1418	1495	72197	1389	71885	81682	1545	71931	72012	1435	1380	1598	67833	71629	1416	
3000912803	933	69245	1170	83370	83369	83357	83371	59971	60012	76383	76423	82021	52127	52061	1865	83357	52273	83113	82954	83206	76094	56428	83006	56486	81546	69307	51953	76082	81624	1212	76285	76069	76019	76042	59990	52140	59998	76218	76241	86074	76443	81606	81556	76319	76117	80522	83094	83264	560	1778	69099	81703	0	76306	1384	81471	69150	81579	76544	75571	83365	81528	1974	85768	56591	83263	81564	81803	52152	83237	2015	81604	76125	81609	69368	82942	52131	52197	59848	70764	70934	83032	83197	83118	81728	81846	81643	81914	81605	81848	81666	69164	81766	81813	81481	81616	81486	81729	81647	76089	81672	76528	1472	81601	76374	76475	81665	81636	81644	83151	76303	81883	
3000912807	76384	77181	76239	74889	74812	74850	74872	76347	76441	55668	55747	71582	75528	75561	75883	74746	75418	73245	73376	73327	1024	74983	74556	74978	71763	77175	75398	1036	71810	76035	1136	952	968	1005	76146	75166	76196	1259	54397	65435	55718	71939	71750	55640	1031	71500	74831	74871	76369	76273	77107	71807	76306	0	76218	71556	77169	71691	1380	55688	74826	71760	76126	65134	74897	74881	71661	71925	75188	74762	75852	71751	1029	71885	77057	74576	75339	75443	76341	74605	74523	74595	74562	74680	71885	72157	71944	72033	71923	72121	71878	77084	71927	71869	71761	71775	71774	71862	71782	55169	71784	1264	76375	71857	1290	1343	71904	71690	71828	74595	54460	71896	
3000912813	1445	69229	1551	83357	83348	83352	83363	59836	59909	76142	76190	81895	52164	52060	2019	83323	52341	82992	82856	83113	75981	56416	82991	56472	81487	69125	51922	75985	81546	1540	76184	75976	75911	75905	59883	52161	59885	76095	76114	85831	76215	81470	81445	76065	76026	80412	83078	83214	1448	1986	69067	81569	1384	76218	0	81384	69230	81503	76453	75445	83322	81444	1952	85525	56475	83257	81475	81676	52213	83189	2113	81473	76023	81535	69242	82936	52066	52120	59885	70797	70841	83036	83164	83091	81618	81744	81555	81834	81541	81760	81562	69116	81707	81705	81392	81582	81393	81624	81570	75940	81570	76419	1570	81512	76263	76388	81560	81514	81557	83109	76197	81736	
3000912826	81512	80844	81386	68478	68333	68383	68348	80215	80166	72279	72348	1779	80370	80408	80936	68349	80395	67759	67742	67780	71488	79710	68037	79721	1532	80876	80278	71509	1678	81178	71465	71545	71484	71415	79872	80088	79946	71526	71370	81920	72376	1646	1565	72279	71388	3238	68179	68346	81517	81378	80760	1521	81471	71556	81384	0	80831	1645	71629	72625	68341	1498	81193	81706	79628	68336	1561	1501	80119	68273	80880	1504	71541	1362	80734	68223	80201	80308	80010	80374	80332	68071	68109	68218	1708	1783	1619	1586	1790	1824	1512	80709	1698	1747	1273	1296	1355	1217	1308	71955	1550	71777	81508	1423	71618	71790	1340	1385	1445	68087	71289	1425	
3000912840	69037	1748	69201	82991	82881	82874	82906	71413	71277	76021	76055	81322	70380	70483	69694	82781	70450	83321	83211	83563	76947	70039	82660	70075	80939	1848	70467	76949	80986	69045	77155	76933	76881	76889	71430	70523	71358	77080	76390	85761	76058	80987	80855	75965	77009	78986	82699	82751	69082	69149	937	81055	69150	77169	69230	80831	0	80982	77404	76373	82942	80867	69184	85433	70062	82813	80882	81138	70454	82835	69677	81047	76941	80906	2067	82657	70519	70605	71242	72001	72034	82647	82730	82769	81137	81222	81088	81214	81064	81284	81055	1633	81179	81200	80982	81145	80998	81168	81048	76526	81028	77414	69200	80970	77275	77366	81091	80993	80877	82708	76423	81195	
3000912847	81650	81057	81530	68191	68152	68277	68078	80305	80304	72578	72665	1600	80491	80492	81124	68180	80524	67730	67824	67699	71558	79853	68201	79851	1650	81086	80360	71676	1835	81281	71612	71720	71626	71621	80071	80267	80118	71654	71478	82243	72667	1369	1580	72566	71523	3381	67974	68031	81645	81536	80821	1506	81579	71691	81503	1645	80982	0	71719	72637	68035	1803	81400	82031	79755	68411	1950	1610	80293	68123	81043	1695	71656	1749	80945	68226	80313	80399	80217	80534	80542	68243	68040	68220	1991	1855	1796	1576	1686	1848	1744	80854	1720	1747	1714	1657	1584	1462	1649	72030	1567	71828	81585	1632	71819	71895	1595	1538	1662	68102	71411	1696	
3000912864	76601	77410	76481	75017	75011	75001	74965	76667	76746	55957	56040	71698	75787	75825	76118	74845	75688	73417	73482	73468	1162	75237	74714	75239	71900	77415	75669	1184	72065	76260	1352	1304	1176	1159	76458	75433	76506	1259	54657	65722	56023	72039	71897	55962	1137	71694	74840	74973	76591	76521	77345	71933	76544	1380	76453	71629	77404	71719	0	55920	74912	71895	76369	65415	75152	74988	71949	71947	75484	74856	76069	71944	1197	71950	77280	74808	75605	75722	76648	74864	74819	74689	74732	74736	72080	72151	71938	72016	72069	72243	71921	77315	72032	71965	71772	71885	71794	71890	71970	55280	71949	804	76593	72091	730	897	72054	71935	71867	74701	54588	72036	
3000912869	75628	76426	75470	76171	76202	76190	76081	74728	74786	57519	57584	72700	74211	74204	74930	76020	74098	74334	74321	74421	55526	74223	75840	74194	72723	76345	74067	55529	72852	75272	55635	55569	55446	55522	74497	73795	74533	55677	55698	67335	57512	72990	72746	57476	55535	72224	76074	76086	75603	75465	76334	72940	75571	55688	75445	72625	76373	72637	55920	0	76126	72777	75231	66989	74084	76060	72772	72967	73847	76079	74829	72847	55602	72889	76218	75823	73978	74131	74696	74024	73957	75923	75877	75970	73022	72997	72877	72996	72808	73162	72853	76279	72912	72942	72701	72809	72699	72849	72917	57348	72880	55836	75541	72817	55943	55814	72863	72832	72701	75864	55788	72950	
3000912874	83284	83049	83293	1278	1315	1329	1609	82275	82299	75273	75302	68112	83014	83073	82837	1739	83075	63814	63986	63842	74657	82154	1357	82090	68163	83080	82941	74737	68210	83108	74713	74823	74687	74735	82034	82793	82015	74738	75597	84776	75342	68011	68182	75252	74547	68460	1483	1513	83238	83270	82921	68061	83365	74826	83322	68341	82942	68035	74912	76126	0	68329	83145	84663	82085	1952	68274	68220	82838	1566	82822	68224	74713	68157	82857	1797	82949	83093	82160	82017	81999	1321	1233	1441	68378	68384	68444	68240	68348	68286	68339	82895	68237	68283	68279	68367	68363	68178	68247	75083	68187	74942	83461	68256	74893	74993	68361	68160	68184	1564	75511	68237	
3000912927	81484	80848	81440	68162	68182	68336	68164	80263	80282	72429	72518	1789	80554	80593	80957	68210	80585	67645	67662	67605	71580	79748	67938	79692	1640	80843	80409	71636	1547	81236	71754	71678	71517	71729	79969	80235	79992	71579	71558	82094	72538	1584	1593	72435	71518	3105	68054	68146	81548	81505	80821	1639	81528	71760	81444	1498	80867	1803	71895	72777	68329	0	81233	81882	79640	68447	1475	885	80251	67948	80931	1612	71630	770	80742	67895	80374	80488	80049	80505	80512	68069	67987	67997	1698	1867	1545	1698	1712	1742	1514	80709	1712	1800	1476	1445	1430	1545	1594	72156	1572	71898	81581	1663	71736	71893	1431	1477	1530	67981	71463	1551	
3000912928	1895	69086	1878	83126	83093	83131	83071	59891	59888	76047	76100	81716	52117	52018	2365	83110	52144	82814	82701	82921	75853	56492	82698	56599	81372	69105	51872	75918	81348	1856	76034	75849	75744	75816	59691	51882	59778	75995	75975	85762	76065	81392	81343	76017	75936	80267	82860	82985	1948	1239	69124	81450	1974	76126	1952	81193	69184	81400	76369	75231	83145	81233	0	85456	56409	83010	81301	81590	51838	82982	2389	81351	75932	81315	68943	82658	51924	52022	59714	70612	70688	82787	82908	82842	81511	81581	81390	81630	81426	81659	81461	69100	81555	81560	81279	81460	81286	81524	81448	75834	81442	76317	2016	81385	76193	76245	81426	81441	81357	82882	76001	81628	
3000912930	85807	85421	85679	84663	84596	84592	84581	83976	84223	11003	10908	81963	83570	83615	85160	84406	83311	82658	82484	82751	64818	82757	84103	82760	81876	85341	83447	64921	81906	85377	64994	64845	64754	64809	83896	83156	83922	64971	64794	4873	10963	82137	81831	10855	64895	80999	84468	84597	85805	85717	85390	82166	85768	65134	85525	81706	85433	82031	65415	66989	84663	81882	85456	0	82646	84375	81755	82241	83257	84549	85079	82034	64958	81988	85208	84193	83382	83476	84117	82270	82164	84217	84305	84336	82108	82144	82045	82216	82017	82295	82029	85331	82222	82213	81817	81966	81923	82075	81979	64930	81998	65320	85787	81887	65189	65209	82086	81939	81902	84293	64961	82211	
3000912934	56494	69879	56513	82070	82011	82054	82023	65783	65737	73262	73297	80170	59291	59255	56976	82059	59326	81205	81092	81292	74610	602	81649	719	79717	69938	59155	74638	79729	56388	74833	74624	74559	74581	65543	59162	65611	74752	73782	82969	73328	79761	79699	73200	74688	78877	81805	81953	56678	56622	69866	79850	56591	74897	56475	79628	70062	79755	75152	74084	82085	79640	56409	82646	0	81899	79683	79935	59180	81940	57037	79690	74661	79750	69816	81613	59019	59146	65699	67401	67304	81721	81821	81787	79865	79951	79775	80029	79744	80010	79794	69897	79931	79968	79653	79788	79637	79888	79777	73745	79854	75090	56783	79780	74934	75048	79782	79782	79781	81794	73881	79983	
3000912937	83196	82886	83222	1940	1897	1927	1912	82243	82188	74990	75019	68625	82971	82964	82698	2178	83026	63876	63828	63952	74588	82016	1766	81950	68116	82849	82806	74792	68263	82918	74657	74686	74670	74533	81875	82677	81847	74779	75475	84486	75051	68447	68207	74964	74558	68686	1778	1911	83234	83204	82853	68442	83263	74881	83257	68336	82813	68411	74988	76060	1952	68447	83010	84375	81899	0	68284	68451	82710	2019	82696	68359	74736	68189	82602	1982	82805	82965	82002	81835	81827	1768	1727	1904	68502	68482	68607	68447	68397	68554	68315	82692	68349	68491	68295	68480	68505	68358	68432	75129	68421	75068	83323	68334	74888	75016	68412	68513	68367	1562	75378	68494	
3000912941	81565	80918	81497	68119	68149	68171	68036	80322	80305	72318	72407	1750	80570	80585	81023	68129	80606	67472	67665	67526	71475	79761	67788	79758	1261	80837	80389	71519	1427	81155	71533	71513	71500	71518	79974	80259	79971	71606	71471	81978	72411	1623	1520	72315	71439	3255	68040	68181	81618	81523	80848	1644	81564	71661	81475	1561	80882	1950	71949	72772	68274	1475	81301	81755	79683	68284	0	1662	80261	68121	80970	1511	71549	1435	80673	67927	80357	80479	80100	80491	80467	67921	67904	67991	1531	1816	1728	1689	1829	1713	1725	80739	1715	1722	1548	1523	1578	1592	1453	72263	1445	71891	81523	1600	71727	71938	1599	1516	1570	67790	71460	1588	
3000913038	81856	81165	81792	68132	68067	68143	68044	80675	80638	72784	72871	1660	80844	80808	81309	68073	80865	67613	67806	67564	71725	80046	67984	79991	1487	81186	80662	71822	1707	81476	71818	71892	71813	71818	80316	80570	80340	71797	71723	82453	72879	1403	1478	72805	71679	3225	68029	68131	81883	81783	81006	1242	81803	71925	81676	1501	81138	1610	71947	72967	68220	885	81590	82241	79935	68451	1662	0	80587	67980	81296	1491	71792	845	81055	68092	80609	80710	80428	80839	80846	68064	67950	67978	1687	1514	1572	1489	1741	1717	1501	80939	1601	1696	1500	1411	1498	1398	1443	72360	1467	72016	81781	1678	71955	72023	1451	1462	1492	67964	71660	1368	
3001244492	52196	70611	52076	82951	82872	82885	82825	55082	54854	73834	73907	80692	1515	1405	52480	82764	1594	81895	81738	82095	74985	59232	82507	59286	80298	70578	1274	75055	80324	51854	75172	74991	74906	74908	54760	1233	54979	75130	74377	83574	73834	80403	80250	73816	75013	79414	82642	82726	52195	51969	70534	80433	52152	75188	52213	80119	70454	80293	75484	73847	82838	80251	51838	83257	59180	82710	80261	80587	0	82801	52410	80407	75070	80354	70321	82476	1372	1635	55016	70137	70206	82521	82647	82661	80529	80568	80458	80638	80379	80709	80473	70496	80576	80538	80255	80452	80310	80504	80407	73869	80417	75485	52105	80351	75297	75358	80485	80345	80310	82583	74405	80617	
3015394848	83188	82854	83231	1368	1417	1445	1243	82222	82244	75157	75190	68104	83024	83078	82706	1596	83076	63650	63801	63471	74545	82018	1559	81965	68102	82895	82944	74674	68200	83006	74680	74675	74571	74692	81920	82768	81888	74665	75513	84647	75224	67916	68223	75140	74540	68301	873	1460	83180	83214	82816	67955	83237	74762	83189	68273	82835	68123	74856	76079	1566	67948	82982	84549	81940	2019	68121	67980	82801	0	82734	68071	74659	68012	82696	1107	82910	83054	82007	81951	81939	1587	1581	1413	68206	68193	68204	68055	68181	68168	68209	82678	68160	68185	68103	67985	68122	68070	68119	75128	68064	74884	83328	68126	74819	74891	67914	67985	68008	1455	75473	68003	
3015394854	1992	69907	1975	82856	82871	82831	82793	60342	60385	75688	75724	81398	52576	52583	469	82806	52676	82563	82460	82747	75569	57106	82459	57022	81029	69621	52367	75591	81062	1869	75777	75563	75504	75522	60141	52423	60198	75688	75745	85387	75713	81069	81038	75615	75620	79990	82525	82726	1997	2441	69621	81182	2015	75852	2113	80880	69677	81043	76069	74829	82822	80931	2389	85079	57037	82696	80970	81296	52410	82734	0	81080	75593	81037	69596	82406	52510	52534	60195	71145	71132	82508	82661	82612	81239	81280	81158	81335	81082	81359	81173	69731	81288	81243	80944	81104	81003	81218	81082	75419	81161	76041	2167	81078	75861	76010	81108	81078	81050	82593	75786	81304	
3025879024	81663	81016	81574	68141	68072	68156	68099	80422	80456	72575	72663	1617	80702	80660	81108	68228	80708	67616	67719	67433	71557	79810	67915	79803	1438	81020	80523	71685	1563	81267	71543	71657	71676	71627	80095	80423	80150	71710	71595	82246	72667	1228	1331	72593	71575	3222	68171	68201	81688	81645	80896	1449	81604	71751	81473	1504	81047	1695	71944	72847	68224	1612	81351	82034	79690	68359	1511	1491	80407	68071	81080	0	71707	1544	80907	68084	80462	80583	80210	80672	80658	68002	67946	67932	1534	1674	1544	1601	1681	1645	1537	80800	1625	1690	1453	1384	1457	1378	1449	72312	1220	71931	81651	1523	71839	71994	1442	1616	1656	67952	71572	1485	
3025879026	76189	76942	76063	74732	74773	74789	74689	76213	76300	55500	55534	71528	75364	75395	75694	74645	75264	72949	73202	73085	745	74777	74357	74827	71620	76895	75255	320	71723	75810	1047	435	655	798	76004	75011	76058	902	54225	65263	55554	71743	71621	55485	762	71384	74644	74686	76179	76016	76858	71733	76125	1029	76023	71541	76941	71656	1197	55602	74713	71630	75932	64958	74661	74736	71549	71792	75070	74659	75593	71707	0	71806	76778	74417	75185	75274	76198	74397	74352	74426	74443	74481	71867	71966	71762	71906	71776	72000	71791	76876	71794	71863	71556	71697	71562	71722	71612	54983	71660	1121	76184	71861	1021	1100	71765	71573	71680	74366	54280	71876	
3025879029	81576	80907	81516	68139	68117	68205	68039	80393	80367	72529	72622	1711	80594	80646	81050	68109	80633	67558	67479	67607	71695	79811	67783	79799	1420	80930	80522	71766	1494	81270	71772	71764	71713	71738	80045	80334	80046	71775	71635	82200	72630	1518	1595	72553	71633	3266	67892	67982	81623	81527	80875	1535	81609	71885	81535	1362	80906	1749	71950	72889	68157	770	81315	81988	79750	68189	1435	845	80354	68012	81037	1544	71806	0	80791	67975	80438	80556	80164	80598	80608	67949	67843	68001	1600	1689	1635	1444	1652	1552	1458	80778	1552	1673	1475	1526	1517	1365	1472	72269	1540	72084	81628	1539	71851	72049	1484	1551	1425	67859	71576	1565	
3025879030	69149	2152	69176	82834	82773	82778	82707	71393	71200	75796	75833	81245	70473	70446	69657	82639	70526	83240	83084	83451	76776	69955	82427	70022	80791	2100	70432	76794	80820	68994	76960	76749	76676	76714	71096	70360	71148	76861	76240	85544	75835	80921	80738	75767	76846	78884	82493	82683	69336	69118	2106	80990	69368	77057	69242	80734	2067	80945	77280	76218	82857	80742	68943	85208	69816	82602	80673	81055	70321	82696	69596	80907	76778	80791	0	82471	70309	70446	71269	71983	71838	82468	82600	82589	81055	81073	80990	81131	80902	81170	80924	2115	81036	81100	80812	81001	80884	81057	80944	76393	80944	77253	69276	80908	77096	77207	80955	80929	80790	82523	76249	81059	
3025879035	82902	82667	82922	1589	1660	1828	1358	81879	81895	74801	74834	68220	82718	82747	82402	1703	82780	63345	63655	63371	74337	81721	1434	81663	68012	82608	82595	74409	67953	82680	74463	74383	74213	74453	81556	82398	81561	74526	75166	84286	74860	67990	68099	74779	74373	68227	1162	1563	82907	82948	82647	67958	82942	74576	82936	68223	82657	68226	74808	75823	1797	67895	82658	84193	81613	1982	67927	68092	82476	1107	82406	68084	74417	67975	82471	0	82580	82749	81644	81755	81688	1492	1548	1492	68122	68118	68198	68191	68092	68117	68204	82540	68123	68195	67920	67970	68050	68108	68051	74930	67965	74684	83084	68059	74675	74699	67788	68008	68001	1466	75206	67978	
3025879038	52129	70528	52109	83052	82971	82986	82939	55004	54789	74003	74048	80783	1041	887	52577	82873	1668	81978	81798	82123	75125	59090	82620	59233	80340	70615	1312	75164	80448	51919	75288	75101	75036	75051	54842	657	55043	75249	74474	83701	74009	80386	80320	73951	75141	79464	82752	82831	52205	52023	70491	80489	52131	75339	52066	80201	70519	80313	75605	73978	82949	80374	51924	83382	59019	82805	80357	80609	1372	82910	52510	80462	75185	80438	70309	82580	0	1451	55080	70260	70159	82622	82749	82756	80598	80612	80476	80711	80387	80700	80487	70373	80592	80575	80311	80438	80306	80499	80422	73973	80416	75610	52113	80387	75423	75495	80519	80393	80437	82694	74544	80655	
3025879149	52250	70671	52197	83213	83135	83142	83098	55237	55008	74097	74136	80898	1588	1435	52601	83005	1848	82066	81880	82185	75237	59246	82773	59307	80433	70615	1387	75272	80532	52028	75409	75215	75151	75165	54998	1577	55082	75346	74558	83795	74141	80493	80449	74026	75247	79572	82909	82986	52356	52127	70548	80588	52197	75443	52120	80308	70605	80399	75722	74131	83093	80488	52022	83476	59146	82965	80479	80710	1635	83054	52534	80583	75274	80556	70446	82749	1451	0	55192	70257	70294	82770	82896	82911	80696	80720	80556	80812	80497	80803	80595	70508	80700	80710	80424	80526	80410	80610	80498	74113	80533	75713	52284	80490	75518	75605	80605	80491	80545	82849	74618	80774	
3025879150	59741	71300	59896	82104	82055	82149	82069	1312	1021	74734	74779	80539	54895	54986	60193	82025	55024	81892	81745	81992	76091	65674	81678	65672	80184	71346	54831	76152	80170	59754	76281	76088	76008	76081	803	54976	881	76258	75713	84447	74781	80259	80195	74684	76153	79304	81888	81986	59886	59950	71461	80336	59848	76341	59885	80010	71242	80217	76648	74696	82160	80049	59714	84117	65699	82002	80100	80428	55016	82007	60195	80210	76198	80164	71269	81644	55080	55192	0	70449	70605	81821	81916	81858	80369	80414	80272	80497	80301	80491	80348	71314	80385	80459	80082	80247	80176	80380	80251	75628	80259	76574	59897	80155	76459	76482	80285	80269	80177	81866	75707	80460	
B13475	70778	72061	70734	82087	82031	82038	81972	70571	70314	72854	72888	80893	70182	70198	71131	81894	70188	81743	81587	81919	74340	67324	81679	67454	80504	72225	70195	74381	80582	70683	74561	74319	74266	74296	70371	70141	70494	74475	73576	82601	72892	80650	80482	72816	74417	79558	81788	81907	70800	70669	72177	80690	70764	74605	70797	80374	72001	80534	74864	74024	82017	80505	70612	82270	67401	81835	80491	80839	70137	81951	71145	80672	74397	80598	71983	81755	70260	70257	70449	0	799	81684	81837	81852	80766	80829	80711	80872	80628	80931	80698	72061	80806	80810	80500	80654	80542	80717	80648	73410	80676	74783	70886	80554	74679	74761	80730	80589	80532	81788	73596	80854	
B13476	70898	72057	70842	82085	82021	82036	81936	70587	70330	72738	72789	80912	70304	70274	71150	81892	70294	81701	81550	81835	74267	67331	81631	67391	80495	72146	70220	74342	80530	70782	74488	74282	74183	74267	70377	70237	70572	74446	73488	82495	72787	80662	80481	72710	74377	79591	81781	81891	70943	70781	72100	80672	70934	74523	70841	80332	72034	80542	74819	73957	81999	80512	70688	82164	67304	81827	80467	80846	70206	81939	71132	80658	74352	80608	71838	81688	70159	70294	70605	799	0	81685	81811	81820	80736	80776	80681	80874	80637	80929	80700	72090	80819	80802	80477	80646	80547	80697	80636	73357	80633	74700	70985	80504	74640	74682	80724	80568	80528	81776	73506	80883	
B13477	82982	82698	83004	1295	1264	1280	1512	82052	82029	74829	74858	68250	82794	82787	82479	1881	82835	63534	63670	63564	74266	81839	972	81756	67936	82706	82627	74422	67971	82753	74382	74402	74396	74340	81706	82472	81670	74457	75285	84330	74888	68036	68042	74800	74270	68360	1564	1689	83000	82973	82675	68028	83032	74595	83036	68071	82647	68243	74689	75923	1321	68069	82787	84217	81721	1768	67921	68064	82521	1587	82508	68002	74426	67949	82468	1492	82622	82770	81821	81684	81685	0	632	564	68045	68198	68237	68129	68167	68242	68179	82549	67977	68075	68058	68111	68132	68049	67975	74978	67996	74773	83136	68041	74596	74734	68126	68032	67973	1408	75323	68144	
B13478	83130	82796	83119	1249	1128	1286	1568	82137	82132	74911	74944	68130	82911	82940	82635	1821	82947	63432	63645	63493	74337	81930	940	81847	67845	82815	82782	74487	67903	82893	74435	74451	74409	74457	81818	82601	81781	74484	75342	84414	74974	68017	67940	74890	74317	68311	1582	1486	83165	83144	82773	67913	83197	74562	83164	68109	82730	68040	74732	75877	1233	67987	82908	84305	81821	1727	67904	67950	82647	1581	82661	67946	74443	67843	82600	1548	82749	82896	81916	81837	81811	632	0	654	68063	68115	68202	67996	68131	68103	68052	82643	67905	68021	67963	68115	68067	67892	67971	74990	67910	74742	83242	67930	74591	74751	68025	67978	67930	1321	75252	68039	
B13479	83058	82754	83119	1183	1206	1230	1558	82099	82129	74942	74975	68181	82924	82949	82590	1966	82955	63520	63729	63355	74325	81880	1002	81814	67974	82786	82797	74473	68011	82867	74445	74499	74423	74459	81784	82611	81749	74506	75336	84449	75001	67972	68094	74919	74323	68299	1548	1717	83092	83138	82747	67951	83118	74680	83091	68218	82769	68220	74736	75970	1441	67997	82842	84336	81787	1904	67991	67978	82661	1413	82612	67932	74481	68001	82589	1492	82756	82911	81858	81852	81820	564	654	0	68128	68179	68171	68091	68160	68157	68144	82585	68041	68165	67977	67985	68014	68052	68027	75070	67990	74800	83201	68115	74685	74803	67984	68024	67979	1486	75360	68092	
B13480	81784	81156	81727	68277	68211	68347	68298	80581	80586	72659	72742	1917	80839	80801	81228	68264	80864	67754	67870	67748	71780	79987	67942	79923	1553	81169	80603	71801	1646	81428	71791	71825	71819	71771	80219	80522	80296	71875	71829	82320	72772	1709	1615	72682	71753	3430	68288	68337	81816	81779	81041	1557	81728	71885	81618	1708	81137	1991	72080	73022	68378	1698	81511	82108	79865	68502	1531	1687	80529	68206	81239	1534	71867	1600	81055	68122	80598	80696	80369	80766	80736	68045	68063	68128	0	926	851	859	1101	781	863	80915	1844	1741	1685	1546	1595	1601	1698	72397	1618	72035	81783	1651	71961	72128	1642	1695	1823	68000	71692	1659	
B13481	81864	81241	81766	68360	68194	68354	68212	80589	80590	72691	72780	1813	80791	80791	81349	68327	80846	67759	67834	67600	71764	80061	68064	80059	1526	81210	80663	71887	1663	81468	71828	71951	71825	71849	80262	80546	80299	71936	71731	82356	72804	1560	1624	72720	71847	3517	68165	68276	81902	81822	81084	1511	81846	72157	81744	1783	81222	1855	72151	72997	68384	1867	81581	82144	79951	68482	1816	1514	80568	68193	81280	1674	71966	1689	81073	68118	80612	80720	80414	80829	80776	68198	68115	68179	926	0	903	735	825	889	799	81015	1857	1896	1650	1557	1710	1516	1711	72453	1532	72126	81845	1723	72161	72175	1513	1789	1714	68030	71684	1618	
B13482	81701	81053	81644	68362	68433	68411	68301	80452	80477	72592	72681	1863	80682	80654	81154	68372	80744	67764	67900	67649	71642	79870	68062	79886	1757	81063	80508	71747	1618	81351	71714	71793	71642	71805	80160	80389	80182	71731	71644	82257	72705	1538	1624	72619	71554	3274	68280	68376	81731	81677	80920	1597	81643	71944	81555	1619	81088	1796	71938	72877	68444	1545	81390	82045	79775	68607	1728	1572	80458	68204	81158	1544	71762	1635	80990	68198	80476	80556	80272	80711	80681	68237	68202	68171	851	903	0	841	912	836	732	80835	1683	1761	1566	1605	1472	1563	1678	72269	1559	71988	81702	1631	71930	71983	1683	1572	1791	68140	71535	1684	
B13483	81906	81250	81817	68181	68164	68244	68134	80712	80698	72771	72852	1532	80875	80915	81363	68202	80903	67805	67918	67664	71759	80135	68069	80135	1512	81274	80781	71898	1704	81608	71838	71890	71871	71876	80353	80599	80371	71875	71783	82428	72880	1479	1631	72798	71729	3565	68036	68203	81950	81832	81166	1508	81914	72033	81834	1586	81214	1576	72016	72996	68240	1698	81630	82216	80029	68447	1689	1489	80638	68055	81335	1601	71906	1444	81131	68191	80711	80812	80497	80872	80874	68129	67996	68091	859	735	841	0	876	782	668	81116	1782	1853	1745	1496	1663	1427	1664	72379	1511	72070	81946	1602	72043	72139	1458	1606	1557	67994	71664	1559	
B13484	81667	81075	81598	68271	68244	68378	68180	80422	80403	72556	72649	1870	80614	80578	81170	68329	80649	67768	67748	67665	71610	79857	68177	79849	1491	81045	80434	71738	1676	81241	71742	71740	71648	71713	80109	80349	80080	71802	71528	82229	72669	1499	1487	72592	71661	3403	68092	68271	81667	81608	80899	1702	81605	71923	81541	1790	81064	1686	72069	72808	68348	1712	81426	82017	79744	68397	1829	1741	80379	68181	81082	1681	71776	1652	80902	68092	80387	80497	80301	80628	80637	68167	68131	68160	1101	825	912	876	0	952	766	80841	1714	1919	1607	1590	1545	1597	1638	72313	1603	72070	81654	1632	72025	72091	1584	1610	1699	68070	71567	1607	
B13485	81831	81237	81840	68232	68164	68326	68240	80630	80682	72866	72937	1774	80883	80885	81409	68157	80911	67810	67928	67689	71970	80062	68022	80084	1545	81301	80747	71984	1654	81551	71984	71986	71950	71991	80388	80656	80408	72024	71962	82507	72979	1561	1711	72875	71889	3404	68195	68261	81862	81906	81074	1514	81848	72121	81760	1824	81284	1848	72243	73162	68286	1742	81659	82295	80010	68554	1713	1717	80709	68168	81359	1645	72000	1552	81170	68117	80700	80803	80491	80931	80929	68242	68103	68157	781	889	836	782	952	0	894	81020	1822	1759	1721	1596	1621	1585	1740	72521	1649	72240	81886	1548	72117	72263	1528	1656	1793	68072	71785	1699	
B13486	81682	81042	81645	68401	68365	68409	68311	80569	80534	72576	72665	1902	80732	80700	81172	68292	80763	67747	67701	67700	71631	79901	68021	79883	1549	81062	80544	71795	1620	81304	71771	71771	71673	71750	80205	80455	80175	71795	71589	82241	72689	1627	1497	72606	71620	3432	68158	68286	81722	81655	80897	1602	81666	71878	81562	1512	81055	1744	71921	72853	68339	1514	81461	82029	79794	68315	1725	1501	80473	68209	81173	1537	71791	1458	80924	68204	80487	80595	80348	80698	80700	68179	68052	68144	863	799	732	668	766	894	0	80816	1710	1803	1587	1538	1551	1417	1750	72214	1489	71975	81645	1606	71936	71994	1518	1690	1685	68027	71484	1559	
B13487	69069	1792	69248	82835	82780	82821	82853	71432	71250	75913	75958	81233	70464	70455	69744	82723	70554	83203	83011	83291	76864	69967	82476	70003	80777	2016	70546	76874	80859	69038	77066	76834	76775	76803	71343	70478	71297	76964	76251	85663	75936	80799	80710	75843	76916	78833	82606	82728	69213	69314	1780	80878	69164	77084	69116	80709	1633	80854	77315	76279	82895	80709	69100	85331	69897	82692	80739	80939	70496	82678	69731	80800	76876	80778	2115	82540	70373	70508	71314	72061	72090	82549	82643	82585	80915	81015	80835	81116	80841	81020	80816	0	80943	81029	80754	80906	80731	80942	80892	76552	80840	77333	69173	80837	77178	77277	80872	80857	80816	82618	76336	81039	
B13488	81795	81165	81764	68195	68179	68287	68083	80608	80582	72769	72853	1861	80798	80788	81306	68186	80830	67587	67714	67552	71663	79975	68027	79983	1592	81165	80657	71792	1568	81447	71766	71804	71785	71803	80293	80550	80296	71823	71694	82434	72863	1642	1616	72783	71625	3431	68072	68084	81844	81784	81010	1643	81766	71927	81707	1698	81179	1720	72032	72912	68237	1712	81555	82222	79931	68349	1715	1601	80576	68160	81288	1625	71794	1552	81036	68123	80592	80700	80385	80806	80819	67977	67905	68041	1844	1857	1683	1782	1714	1822	1710	80943	0	613	1556	1687	1648	1484	1601	72410	1629	72030	81749	1693	71997	72081	1723	1706	1705	67905	71673	1615	
B13489	81875	81257	81770	68292	68201	68279	68204	80627	80617	72754	72835	1920	80843	80782	81321	68264	80850	67709	67790	67837	71753	80072	68048	80019	1643	81235	80586	71805	1681	81473	71725	71819	71814	71770	80300	80521	80341	71840	71795	82425	72813	1675	1699	72761	71673	3428	68126	68237	81877	81824	81104	1668	81813	71869	81705	1747	81200	1747	71965	72942	68283	1800	81560	82213	79968	68491	1722	1696	80538	68185	81243	1690	71863	1673	81100	68195	80575	80710	80459	80810	80802	68075	68021	68165	1741	1896	1761	1853	1919	1759	1803	81029	613	0	1693	1720	1726	1555	1626	72381	1740	72049	81784	1715	71923	72126	1794	1655	1848	68000	71648	1665	
B13490	81578	80980	81470	68177	68181	68331	68066	80257	80258	72372	72450	1754	80531	80499	81033	68205	80569	67454	67589	67498	71491	79766	67904	79721	1393	80923	80314	71526	1442	81150	71610	71652	71523	71495	79941	80236	80034	71561	71432	82029	72472	1385	1324	72380	71425	3194	68006	68202	81573	81568	80854	1474	81481	71761	81392	1273	80982	1714	71772	72701	68279	1476	81279	81817	79653	68295	1548	1500	80255	68103	80944	1453	71556	1475	80812	67920	80311	80424	80082	80500	80477	68058	67963	67977	1685	1650	1566	1745	1607	1721	1587	80754	1556	1693	0	797	648	664	1043	72194	1469	71888	81559	1302	71785	71917	1049	1038	1350	67911	71445	1286	
B13491	81733	81116	81646	68179	68130	68322	68176	80451	80472	72531	72601	1687	80645	80619	81182	68299	80684	67689	67742	67418	71509	79916	68025	79927	1434	81100	80490	71657	1619	81324	71639	71663	71576	71699	80144	80399	80195	71664	71552	82178	72635	1472	1471	72542	71525	3271	68120	68300	81751	81685	80965	1407	81616	71775	81582	1296	81145	1657	71885	72809	68367	1445	81460	81966	79788	68480	1523	1411	80452	67985	81104	1384	71697	1526	81001	67970	80438	80526	80247	80654	80646	68111	68115	67985	1546	1557	1605	1496	1590	1596	1538	80906	1687	1720	797	0	897	835	1120	72274	1410	71841	81698	1409	71827	71954	890	1157	1363	67985	71469	1129	
B13492	81601	80954	81492	68191	68231	68363	68124	80327	80351	72464	72555	1752	80538	80512	81039	68273	80575	67644	67775	67629	71576	79714	68043	79714	1467	80988	80356	71608	1589	81217	71720	71668	71523	71591	80002	80280	80096	71627	71474	82135	72555	1377	1542	72457	71490	3156	68141	68272	81591	81567	80819	1482	81486	71774	81393	1355	80998	1584	71794	72699	68363	1430	81286	81923	79637	68505	1578	1498	80310	68122	81003	1457	71562	1517	80884	68050	80306	80410	80176	80542	80547	68132	68067	68014	1595	1710	1472	1663	1545	1621	1551	80731	1648	1726	648	897	0	695	1106	72162	1509	71914	81577	1302	71816	71853	923	939	1337	68063	71483	1264	
B13493	81829	81158	81692	68175	68148	68284	68101	80563	80516	72644	72712	1620	80730	80695	81291	68178	80767	67625	67642	67564	71636	79931	67967	79946	1305	81200	80546	71772	1492	81396	71710	71776	71697	71732	80213	80470	80253	71723	71645	82287	72738	1339	1396	72632	71648	3323	68073	68028	81815	81744	81017	1418	81729	71862	81624	1217	81168	1462	71890	72849	68178	1545	81524	82075	79888	68358	1592	1398	80504	68070	81218	1378	71722	1365	81057	68108	80499	80610	80380	80717	80697	68049	67892	68052	1601	1516	1563	1427	1597	1585	1417	80942	1484	1555	664	835	695	0	995	72291	1319	71988	81783	1127	71950	71963	861	982	1166	67907	71552	1211	
B13494	81716	81101	81570	68128	68044	68172	68028	80401	80410	72528	72615	1613	80602	80599	81182	68202	80632	67558	67733	67645	71578	79886	67966	79909	1400	81077	80477	71628	1433	81320	71580	71648	71603	71633	80143	80364	80171	71645	71601	82191	72627	1398	1443	72547	71550	3135	68080	68079	81723	81606	80890	1495	81647	71782	81570	1308	81048	1649	71970	72917	68247	1594	81448	81979	79777	68432	1453	1443	80407	68119	81082	1449	71612	1472	80944	68051	80422	80498	80251	80648	80636	67975	67971	68027	1698	1711	1678	1664	1638	1740	1750	80892	1601	1626	1043	1120	1106	995	0	72421	1446	71962	81636	1350	71796	72001	1028	981	1247	67980	71672	1240	
B13495	76098	76579	75993	75264	75299	75174	75238	75618	75695	55511	55533	72086	74134	74161	75493	75043	74099	73855	73921	74076	54946	73835	74949	73886	72192	76499	74016	55014	72320	75791	55149	55028	54942	54959	75415	73848	75476	55100	52909	65292	55568	72324	72237	55468	54984	71454	75041	75069	76070	75899	76476	72197	76089	55169	75940	71955	76526	72030	55280	57348	75083	72156	75834	64930	73745	75129	72263	72360	73869	75128	75419	72312	54983	72269	76393	74930	73973	74113	75628	73410	73357	74978	74990	75070	72397	72453	72269	72379	72313	72521	72214	76552	72410	72381	72194	72274	72162	72291	72421	0	72335	55217	76138	72270	55298	55272	72352	72209	72137	74953	52710	72406	
B13496	81701	81063	81656	68073	67988	68175	67971	80395	80382	72567	72639	1461	80629	80609	81236	68102	80686	67550	67756	67403	71496	79916	67930	79925	1383	81054	80470	71704	1452	81330	71578	71693	71564	71708	80128	80357	80098	71654	71550	82206	72661	1218	1239	72561	71593	3310	68096	68017	81734	81650	80889	1389	81672	71784	81570	1550	81028	1567	71949	72880	68187	1572	81442	81998	79854	68421	1445	1467	80417	68064	81161	1220	71660	1540	80944	67965	80416	80533	80259	80676	80633	67996	67910	67990	1618	1532	1559	1511	1603	1649	1489	80840	1629	1740	1469	1410	1509	1319	1446	72335	0	71906	81673	1419	71903	71921	1442	1409	1539	67848	71565	1383	
B13497	76577	77398	76461	75015	74993	75021	74940	76586	76640	55860	55921	71710	75769	75828	76091	74861	75697	73340	73551	73372	1026	75182	74710	75202	71924	77335	75668	1078	71975	76228	1232	1108	1020	1153	76381	75396	76423	1261	54544	65625	55936	72135	71877	55865	1181	71646	74919	74989	76577	76501	77336	71885	76528	1264	76419	71777	77414	71828	804	55836	74942	71898	76317	65320	75090	75068	71891	72016	75485	74884	76041	71931	1121	72084	77253	74684	75610	75713	76574	74783	74700	74773	74742	74800	72035	72126	71988	72070	72070	72240	71975	77333	72030	72049	71888	71841	71914	71988	71962	55217	71906	0	76605	72005	770	775	72029	71933	71958	74709	54419	71962	
B13498	1529	69335	1710	83466	83434	83453	83435	60064	60027	76346	76433	81983	52120	52073	2181	83380	52254	83051	82904	83202	76125	56698	83104	56738	81594	69321	51985	76143	81615	1460	76326	76116	76051	76073	60067	52237	60097	76244	76295	86093	76373	81634	81571	76337	76178	80530	83184	83273	1554	2097	69212	81682	1472	76375	1570	81508	69200	81585	76593	75541	83461	81581	2016	85787	56783	83323	81523	81781	52105	83328	2167	81651	76184	81628	69276	83084	52113	52284	59897	70886	70985	83136	83242	83201	81783	81845	81702	81946	81654	81886	81645	69173	81749	81784	81559	81698	81577	81783	81636	76138	81673	76605	0	81617	76429	76541	81734	81668	81632	83190	76332	81842	
B13499	81634	81061	81586	68202	68122	68264	68145	80314	80296	72470	72526	1844	80549	80577	81183	68120	80625	67665	67688	67667	71624	79834	68013	79805	1479	81002	80390	71839	1498	81264	71759	71695	71722	71686	80066	80270	80043	71888	71604	82099	72568	1533	1414	72456	71774	3319	68136	68105	81649	81602	80861	1545	81601	71857	81512	1423	80970	1632	72091	72817	68256	1663	81385	81887	79780	68334	1600	1678	80351	68126	81078	1523	71861	1539	80908	68059	80387	80490	80155	80554	80504	68041	67930	68115	1651	1723	1631	1602	1632	1548	1606	80837	1693	1715	1302	1409	1302	1127	1350	72270	1419	72005	81617	0	72014	72026	1217	1207	1139	68002	71495	1300	
B13500	76431	77288	76311	74974	74931	74937	74895	76474	76551	55733	55804	71728	75611	75640	75937	74863	75510	73270	73289	73341	1008	75050	74509	75077	71799	77211	75486	1074	71870	76056	1202	1103	1044	1049	76256	75240	76287	1067	54631	65494	55819	72011	71774	55750	993	71542	74776	74870	76428	76327	77205	71931	76374	1290	76263	71618	77275	71819	730	55943	74893	71736	76193	65189	74934	74888	71727	71955	75297	74819	75861	71839	1021	71851	77096	74675	75423	75518	76459	74679	74640	74596	74591	74685	71961	72161	71930	72043	72025	72117	71936	77178	71997	71923	71785	71827	71816	71950	71796	55298	71903	770	76429	72014	0	729	72058	71870	71900	74578	54550	72003	
B13501	76540	77373	76408	75030	75061	75045	74953	76494	76570	55753	55834	71801	75658	75717	76054	74900	75586	73330	73503	73376	1075	75106	74673	75137	71951	77285	75557	1183	72010	76192	1283	1159	1051	1170	76287	75274	76323	1292	54554	65514	55849	72092	71902	55785	1144	71671	75028	74962	76544	76428	77297	72012	76475	1343	76388	71790	77366	71895	897	55814	74993	71893	76245	65209	75048	75016	71938	72023	75358	74891	76010	71994	1100	72049	77207	74699	75495	75605	76482	74761	74682	74734	74751	74803	72128	72175	71983	72139	72091	72263	71994	77277	72081	72126	71917	71954	71853	71963	72001	55272	71921	775	76541	72026	729	0	72054	71928	71883	74734	54475	72085	
B13502	81715	81062	81656	68184	68089	68339	68123	80481	80532	72635	72722	1697	80729	80697	81185	68134	80767	67558	67687	67405	71724	79897	67970	79895	1402	81068	80569	71803	1583	81391	71843	71799	71650	71789	80189	80458	80237	71838	71608	82298	72728	1416	1621	72623	71744	3373	68049	68160	81742	81667	80930	1435	81665	71904	81560	1340	81091	1595	72054	72863	68361	1431	81426	82086	79782	68412	1599	1451	80485	67914	81108	1442	71765	1484	80955	67788	80519	80605	80285	80730	80724	68126	68025	67984	1642	1513	1683	1458	1584	1528	1518	80872	1723	1794	1049	890	923	861	1028	72352	1442	72029	81734	1217	72058	72054	0	983	1245	67949	71591	1125	
B13503	81678	81089	81599	68085	68113	68203	67947	80391	80373	72510	72579	1624	80612	80582	81189	68099	80658	67512	67743	67646	71554	79874	67946	79823	1529	81080	80396	71625	1546	81262	71723	71679	71570	71671	80107	80308	80093	71670	71569	82151	72613	1233	1498	72489	71488	3165	67955	68102	81673	81620	80888	1380	81636	71690	81514	1385	80993	1538	71935	72832	68160	1477	81441	81939	79782	68513	1516	1462	80345	67985	81078	1616	71573	1551	80929	68008	80393	80491	80269	80589	80568	68032	67978	68024	1695	1789	1572	1606	1610	1656	1690	80857	1706	1655	1038	1157	939	982	981	72209	1409	71933	81668	1207	71870	71928	983	0	1252	67969	71546	1211	
B13504	81587	80940	81524	68070	68110	68262	68011	80357	80333	72443	72536	1698	80552	80630	81095	68097	80585	67660	67701	67600	71530	79837	67922	79818	1381	80930	80466	71720	1457	81279	71680	71696	71659	71677	80023	80277	80041	71665	71483	82114	72544	1491	1538	72464	71548	3204	68010	67920	81614	81566	80805	1598	81644	71828	81557	1445	80877	1662	71867	72701	68184	1530	81357	81902	79781	68367	1570	1492	80310	68008	81050	1656	71680	1425	80790	68001	80437	80545	80177	80532	80528	67973	67930	67979	1823	1714	1791	1557	1699	1793	1685	80816	1705	1848	1350	1363	1337	1166	1247	72137	1539	71958	81632	1139	71900	71883	1245	1252	0	67943	71416	1261	
B13505	83074	82798	83118	1564	1505	1615	1396	82060	82052	74903	74936	68152	82801	82866	82604	1766	82842	63377	63614	63434	74278	81926	1328	81850	67819	82762	82730	74382	67877	82840	74368	74416	74322	74436	81729	82543	81712	74389	75279	84390	74968	67923	67923	74884	74194	68410	1358	1229	83090	83080	82734	67833	83151	74595	83109	68087	82708	68102	74701	75864	1564	67981	82882	84293	81794	1562	67790	67964	82583	1455	82593	67952	74366	67859	82523	1466	82694	82849	81866	81788	81776	1408	1321	1486	68000	68030	68140	67994	68070	68072	68027	82618	67905	68000	67911	67985	68063	67907	67980	74953	67848	74709	83190	68002	74578	74734	67949	67969	67943	0	75199	68009	
B13506	76358	76447	76202	75586	75579	75568	75468	75768	75780	55491	55528	71434	74723	74755	75880	75324	74638	73550	73516	73649	54178	73987	75160	73971	71392	76367	74599	54239	71557	75943	54336	54250	54120	54203	75519	74321	75558	54350	835	65323	55549	71755	71458	55473	54207	70990	75415	75481	76364	76222	76390	71629	76303	54460	76197	71289	76423	71411	54588	55788	75511	71463	76001	64961	73881	75378	71460	71660	74405	75473	75786	71572	54280	71576	76249	75206	74544	74618	75707	73596	73506	75323	75252	75360	71692	71684	71535	71664	71567	71785	71484	76336	71673	71648	71445	71469	71483	71552	71672	52710	71565	54419	76332	71495	54550	54475	71591	71546	71416	75199	0	71644	
B13507	81886	81272	81830	68147	68096	68276	67980	80651	80618	72758	72848	1604	80886	80851	81396	68123	80931	67656	67771	67584	71711	80077	68060	79992	1435	81206	80672	71868	1536	81454	71786	71846	71743	71869	80327	80590	80306	71847	71763	82423	72856	1457	1450	72779	71721	3249	68009	68150	81915	81855	81111	1416	81883	71896	81736	1425	81195	1696	72036	72950	68237	1551	81628	82211	79983	68494	1588	1368	80617	68003	81304	1485	71876	1565	81059	67978	80655	80774	80460	80854	80883	68144	68039	68092	1659	1618	1684	1559	1607	1699	1559	81039	1615	1665	1286	1129	1264	1211	1240	72406	1383	71962	81842	1300	72003	72085	1125	1211	1261	68009	71644	0	
